Mukur Gupta | https://www.facebook.com/mukur.gupta.96
Mayank Agrawal | https://www.facebook.com/mayankgagrawal
Pravesh Jain | https://www.facebook.com/praveshcooljain
Gaurav Sonone | https://www.facebook.com/gaurav.sonone.9
Fardeen Pettiwala | https://www.facebook.com/fardeen.pettiwala
Harsh Maheshwari | https://www.facebook.com/harsh.maheshwari.3950
Divyam Jain | https://www.facebook.com/profile.php?id=100010922731339
Abhijeet Shrivastava | https://www.facebook.com/abhijeet.shrivastava.iitkgp
Satyam Porwal | https://www.facebook.com/satyam.porwal.69
Kavana Rao | https://www.facebook.com/kavana.rao.161
Abhinav Gupta | https://www.facebook.com/profile.php?id=100005698444155
Prakhar Verma | https://www.facebook.com/prakhar.verma.395
Anshul Choudhary | https://www.facebook.com/anshul.chouadhary
Shivam Kumar Jha | https://www.facebook.com/thealphadollar
Kunal Borse | https://www.facebook.com/profile.php?id=100002798532245
Arfin Haque | https://www.facebook.com/arfin.haque.9
Arka Mitra | https://www.facebook.com/www.ronyjustme
Harsh Choudhary | https://www.facebook.com/profile.php?id=100019524101163
Bhalchandra Patil | https://www.facebook.com/bpatil1999
Kushal Patankar | https://www.facebook.com/peritissimus
Vishvesh Pandya | https://www.facebook.com/vishvesh.pandya.245
Dishant Mody | https://www.facebook.com/DishantMody
Madhu Sudhanreddy | https://www.facebook.com/madhu.sudhanreddy.92102
Shivam Singh | https://www.facebook.com/lightning.singh08
Anju Joon | https://www.facebook.com/anju.s.joon
Noni Mittal | https://www.facebook.com/noni.mittal.332
Ashutosh Singh | https://www.facebook.com/ashutosh19singh
Bhargav Dindukurthi | https://www.facebook.com/profile.php?id=100012345844492
Digamber Chauhan | https://www.facebook.com/digamber.chauhan.7
Prakhar Bindal | https://www.facebook.com/profile.php?id=100018047255214
Kavish Gupta | https://www.facebook.com/kavish.gupta.737
Sajal Asati | https://www.facebook.com/sajal.asati.5
Rana Madhvendra | https://www.facebook.com/rana.madhvendra.1
Kumar Pratyush | https://www.facebook.com/kumar.pratyush.56
Swapnil Bhowmik | https://www.facebook.com/swapnil.bhowmik
Abhas Sarkar | https://www.facebook.com/profile.php?id=100017749544778
Ujjwal Raj | https://www.facebook.com/ujjwal.raj.9678
Pankhuri Saxena | https://www.facebook.com/pankhuri.saxena.102
Lovish Chopra | https://www.facebook.com/lovishchopra58
Saumy Maheshwari | https://www.facebook.com/saumy.maheshwari
Aniruddha Saha | https://www.facebook.com/aniruddha.saha.330
Rohit Nair | https://www.facebook.com/rohit.nair.5688
Brahma Prakash Mishra | https://www.facebook.com/profile.php?id=100008569570095
Saurabh Pandey | https://www.facebook.com/profile.php?id=100020566537028
Avi Rai | https://www.facebook.com/avi.rai.35912
Ritam Baidya | https://www.facebook.com/ritam.baidya.79
Ratnesh Lariya | https://www.facebook.com/ratnesh.lariya
Apoorve Singhal | https://www.facebook.com/apugoneappu
Tanvi Markhedkar | https://www.facebook.com/tanvi.markhedkar.1
Raksha R | https://www.facebook.com/raksha.r.370
Ambika Garg | https://www.facebook.com/ambika.garg.338
Tulsi Bhimani | https://www.facebook.com/tulsi.bhimani.9
Sagar Varade | https://www.facebook.com/sagar.varade.3720
Vedanti Bhongade | https://www.facebook.com/vedanti.bhongade.9
Yashwant Kumar | https://www.facebook.com/profile.php?id=100027880620544
Ritwik Singhai | https://www.facebook.com/ritwik.singhai.3
Ishan Mandal | https://www.facebook.com/ishan.mandal.7505
Akash Roy | https://www.facebook.com/profile.php?id=100021568841795
Adarsh Gupta | https://www.facebook.com/adarshguptaiitkgp
Mrigank Sharad | https://www.facebook.com/mrigank.sharad.1
Mayur Shinde | https://www.facebook.com/profile.php?id=100020126650301
Gyaneshwari Chavan | https://www.facebook.com/gyaneshwari.chavan
Vivek Pal | https://www.facebook.com/Vivekpal209304
Govind Gupta | https://www.facebook.com/profile.php?id=100018143493030
Shanisha Baitule | https://www.facebook.com/shanisha.baitule
Midhu Mahesh | https://www.facebook.com/midhu.mahesh.98
Sumegh Roychowdhury | https://www.facebook.com/0x3f3f3f3f3f
Aniket Ranjan | https://www.facebook.com/ani.r.5099
Parth Lohomi | https://www.facebook.com/ack.lohomi
Soumya Yadav | https://www.facebook.com/Curioussouya
Sayantan Kirtaniya | https://www.facebook.com/profile.php?id=100011591170102
Koumudi Mantha | https://www.facebook.com/Koumudi99
Ravi Kumar | https://www.facebook.com/profile.php?id=100010491550584
Aditya Tibrewal | https://www.facebook.com/tibrewal.aditya24
Sai Rakesh Mogillapalle | https://www.facebook.com/sairakesh.53
Ayan Saha | https://www.facebook.com/ayan207
Anand Mani Tripathi | https://www.facebook.com/anand.manitripathi.777
Shreyansh Rai | https://www.facebook.com/shreyansh.rai.186
Narapureddy Abhilaash Reddy | https://www.facebook.com/abhilaash1401
Debajyoti Dasgupta | https://www.facebook.com/debajyoti.dasgupta.6
Rahul Tripathi | https://www.facebook.com/profile.php?id=100007058801834
Soham Kundu | https://www.facebook.com/soham.kundu.75873
Vidhan Kashyap | https://www.facebook.com/vidhan.kashyap.5
Abhijay Mitra | https://www.facebook.com/abhijaymitra
Athitya Kumar | https://www.facebook.com/athitya.kumar
Rishabh Shrivastava | https://www.facebook.com/rishabh.iitkgp
Mourya Chinta | https://www.facebook.com/MouryaChinta
Sai Teja | https://www.facebook.com/profile.php?id=100005479726245
Harshit Jain | https://www.facebook.com/harshittarunjain
Deepak Mardi | https://www.facebook.com/deepak.mardi.1920
Avinash Singh | https://www.facebook.com/profile.php?id=100005220339905
Unez Kazi | https://www.facebook.com/unez.kazi.9
Adarsh Patnaik | https://www.facebook.com/adarsh.patnaik.130399
Akhil Choudhary | https://www.facebook.com/profile.php?id=100004974615869
Mayank Priyadarshi | https://www.facebook.com/mayank.priyadarshi.756
Abhra Saha | https://www.facebook.com/abhra.saha.007
Ravindra Kumar | https://www.facebook.com/ravindrakumariitkgp
Sudhanshu Parashar | https://www.facebook.com/sudhanshu.parashar.182
Hitendri Bomble | https://www.facebook.com/hitendri.bomble
Goutam Mandal | https://www.facebook.com/goutam.mandal.1428
Gaurav Kumar | https://www.facebook.com/rold.margruv
Pravartya Dewangan | https://www.facebook.com/pravartya.dewangan
Parbhat Jotian | https://www.facebook.com/parbhat.jotianaww
Pratik Agarwal | https://www.facebook.com/pratik.aggarwal.56
Anurag Mohanty | https://www.facebook.com/anurag.mohanty.5734
Bharat Parmar | https://www.facebook.com/bharat0320
Vineet Seemala | https://www.facebook.com/seemalavineet1999
Shashwat Kumar | https://www.facebook.com/shashwatkumar.2709
Utkarsh Agrawal | https://www.facebook.com/utkarsh.agrawal.24
Nikhil Singh | https://www.facebook.com/nikhilplusone
Alisha Raj | https://www.facebook.com/alisha.raj.26
Ninad Patil | https://www.facebook.com/ninad.patil.37604
Prasanna Patil | https://www.facebook.com/i.am.spidermannn
Sharayu Dhoke | https://www.facebook.com/sharayu.dhoke
Abhinav Kumar | https://www.facebook.com/abhinav1435
Ayush Jain | https://www.facebook.com/profile.php?id=100003242074413
Himesh Kothari | https://www.facebook.com/himesh.kothari1
Aman Aggarwal | https://www.facebook.com/Aman.Aggarwal23
Anshul Gupta | https://www.facebook.com/anshul.gupta.12327608
Rohit Singh Tomar | https://www.facebook.com/rohit.singhtomar.1238
Praneesh Pal | https://www.facebook.com/AaronTheCompulsivePunster
Saloni Meshram | https://www.facebook.com/saloni.meshram
Shubham Choudhary | https://www.facebook.com/Shubh3107
Yash Goyal | https://www.facebook.com/m.me.yash
Shubham Garg | https://www.facebook.com/shubham9801
Pranav Shukla | https://www.facebook.com/pranav.shukla.716
Tapash Baishnab | https://www.facebook.com/tapashbaishnab
Anay Dongre | https://www.facebook.com/anay.dongre
Aman Chourasia | https://www.facebook.com/amans.stride
Jaipal Jambhulkar | https://www.facebook.com/jaipal.jambhulkar
Praphul Jain | https://www.facebook.com/praphul.jain.9
Rupam Kumar Dubey | https://www.facebook.com/rupam.kumardubey.9
Harsh Vardhan | https://www.facebook.com/2904harshvardhankgp
Yogesh Kanik | https://www.facebook.com/yogesh.kanik
Mrityunjay Sharma | https://www.facebook.com/mjsharma97
Ayush Anand | https://www.facebook.com/ayush.anand.5667
Dvij Kalaria | https://www.facebook.com/dvij.kalaria
Shivam Ahirwal | https://www.facebook.com/shivamthegod
Pujan Burad | https://www.facebook.com/pujan.burad
Shakul Pathak | https://www.facebook.com/shakul.pathak
Siddhesh Labdhe | https://www.facebook.com/siddhesh.labdhe.7
Hardik Bhagat | https://www.facebook.com/hardik.bhagat.50
Umang Agarwal | https://www.facebook.com/umang.agarwal.144
Vishnu Choudhary | https://www.facebook.com/vishnu.aggarwal3
Anmol Shakya | https://www.facebook.com/anmol.shakya.8080
Akash Luhana | https://www.facebook.com/akash.luhana
Gaurav Agarwal | https://www.facebook.com/Curious.Czar
Nishant Nikhil | https://www.facebook.com/nishnik
Chinmay Krishna | https://www.facebook.com/chinmay.krishna.50
Vishal Shrivastava | https://www.facebook.com/vishal.shrivastava1998
Akshata Sharma | https://www.facebook.com/akshata8sharma
Siddharth Mohapatra | https://www.facebook.com/siddharth.mohapatra.90
Gowri Jayaprakash | https://www.facebook.com/gowri.jayaprakash.9
Anand Jhunjhunwala | https://www.facebook.com/anand.jhunjhunwala.92
Prakhar Sharma | https://www.facebook.com/prakhar.sharma.7334
Anshika Shristi | https://www.facebook.com/anshika.iitkgp
Arnab Maiti | https://www.facebook.com/ArnabMaitii
Divyam Sharma | https://www.facebook.com/divyam.sharma.315865
Satya Aditya Killada | https://www.facebook.com/satyaaditya.killada
Abhijeet Sonkusare | https://www.facebook.com/profile.php?id=100006009462313
Vaibhav Agrawal | https://www.facebook.com/vaibhav.agrawal.5074
Tarun Bhattar | https://www.facebook.com/tarun.bhattar.7
Akshat Patidar | https://www.facebook.com/akshat.patidar.77715
Ninaad Lohakare | https://www.facebook.com/ninaad.lohakare
Pratik Bharti | https://www.facebook.com/Bharti.ji.90a01
Prateek Srivastava | https://www.facebook.com/prateek.srivastava.iitkgp
Sudipta Pathak | https://www.facebook.com/pathak.sudipta08
Sudhanshu Heda | https://www.facebook.com/theoriginaltripper
Vishal Raj Roy | https://www.facebook.com/vishalrajiitkgp
Amit Saha | https://www.facebook.com/amit.saha.5249
Rishav Sharma | https://www.facebook.com/profile.php?id=100007026197815
Mann Goel | https://www.facebook.com/mann.goel.3
Aakash Gupta | https://www.facebook.com/aakash.gupta2698
Zenil Sanghvi | https://www.facebook.com/zenil.sanghvi
Anurupa Ghosh | https://www.facebook.com/profile.php?id=100018742909189
Kanishk Singh | https://www.facebook.com/singhkanishk77
Sridhar Konduri | https://www.facebook.com/Sridhar.Konduri99
Faraaz Mallick | https://www.facebook.com/faraaz.rahman.mallick
Raag Verma | https://www.facebook.com/raag.verma.9
Divyansh Samdani | https://www.facebook.com/divyansh.samdani
Shivansh Mundra | https://www.facebook.com/shivansh.cool.77
Shruti Priya | https://www.facebook.com/mcfrazzled
Sourabh Khare | https://www.facebook.com/sourabh.khare.188
Sheet Kushal | https://www.facebook.com/profile.php?id=100009743707277
Rohan Sewani | https://www.facebook.com/rohan.sewani
Vanchhit Rai | https://www.facebook.com/vanchhit.rai
Aayush Joshi | https://www.facebook.com/aayush.joshi.589100
Abhirup Mandal | https://www.facebook.com/abhirup.mandal.3975
Sneha Sree Vavilapalli | https://www.facebook.com/snehasree.vavilapalli
Taapas Agrawal | https://www.facebook.com/assassinX.taapas
Navdeep Baranwal | https://www.facebook.com/navdeep.baranwal
Deepak Kumar Singh | https://www.facebook.com/profile.php?id=100006100724598
Shubham Mondal | https://www.facebook.com/shubham.mondal.568
Abhinav Ukey | https://www.facebook.com/abhinav.ukey.9
Prayas Sambhare | https://www.facebook.com/prayas.sambhare
Abhishek Singh | https://www.facebook.com/abhisheksingharya
Arpit Garg | https://www.facebook.com/arpit.98.garg
Ankan Biswas | https://www.facebook.com/ankan.biswas.3726
Akshay Chordia | https://www.facebook.com/chordia26
Pratyush Prkash | https://www.facebook.com/pratyushprkash3799
